{"cameraMode":{"drawMode":0,"name":"Shaded","section":"Shading Mode"},"sceneLighting":false,"audioPlay":false,"sceneViewState":{"showFog":false,"showMaterialUpdate":false,"showSkybox":false,"showFlares":false,"showImageEffects":false,"showParticleSystems":false},"in2DMode":false,"pivot":{"x":-81.70437622070313,"y":209.28317260742188,"z":-359.000244140625},"rotation":{"x":0.24856165051460267,"y":0.3495085537433624,"z":-0.09681454300880432,"w":0.8982404470443726},"size":2.1348650455474855,"orthographic":false}