{"cameraMode":{"drawMode":0,"name":"Shaded","section":"Shading Mode"},"sceneLighting":false,"audioPlay":false,"sceneViewState":{"showFog":false,"showMaterialUpdate":false,"showSkybox":false,"showFlares":false,"showImageEffects":false,"showParticleSystems":false},"in2DMode":false,"pivot":{"x":-70.7015380859375,"y":206.501953125,"z":-363.38482666015627},"rotation":{"x":0.11403167992830277,"y":0.858142614364624,"z":-0.2168431133031845,"w":0.45134812593460085},"size":42.68800354003906,"orthographic":false}